<?xml version="1.0" encoding="UTF-8"?>
<project-private xmlns="http://www.netbeans.org/ns/project-private/1">
    <editor-bookmarks xmlns="http://www.netbeans.org/ns/editor-bookmarks/2" lastBookmarkId="0"/>
    <open-files xmlns="http://www.netbeans.org/ns/projectui-open-files/2">
        <group>
            <file>file:/D:/Nam3_ky2_2021_2023/Java/NetBean13/testThi1/src/Cau1/KHVietNam.java</file>
            <file>file:/D:/Nam3_ky2_2021_2023/Java/NetBean13/testThi1/src/Cau1/KhachHang.java</file>
            <file>file:/D:/Nam3_ky2_2021_2023/Java/NetBean13/testThi1/src/Cau1/KHNuocNgoai.java</file>
            <file>file:/D:/Nam3_ky2_2021_2023/Java/NetBean13/testThi1/src/Cau1/QLKH.java</file>
        </group>
    </open-files>
</project-private>
